"wmc","dit","noc","cbo","rfc","lcom","ca","ce","npm","lcom3","loc","dam","moa","mfa","cam","ic","cbm","amc","max_cc","avg_cc","bug"
0.8472835745708761,NO
0.9808417529336019,NO
0.7765227894809962,YES
1.172729784586004,YES
0.5596157879354227,YES
0.4054651081081644,NO
1.0678437549964732,NO
0.5877866649021191,YES
0.6931471805599453,NO
1.1451459405736646,YES
